text,label
exception in thread main java lang nullpointerexception exception,0
thank you very much for your time,0
"hello world, this is a test message 96",0
INFO: application started successfully,0
error occurred at function call with parameters,0
"hello hello, nice to meet you 433",0
"HELLO HELLO HELLO, TESTING TESTING HELLO",0
error error error error,0
magna aliqua ut enim ad minim veniam quis nostrud,0
ERROR: failed to load configuration file ERROR:,0
DEBUG DEBUG DEBUG DEBUG,0
placeholder text for testing scenarios,0
fix fix fix fix fix fix,0
debug debug debug debug,0
traceback most recent call last file main py,0
the quick brown fox jumps over the lazy dog,0
error occurred at function call with parameters,0
"thanks for your help, really appreciate it thanks 324",0
"nice to meet you, have a wonderful day nice",0
test test test test test test,0
at com example service process line 123,0
ERROR: failed to load configuration file,0
LOG: user login attempt from ip address,0
INFO: application started successfully,0
"hello hello hello, testing testing",0
"nice to meet you, have a wonderful day",0
random words in a sentence format,0
traceback most recent call last file main py,0
hello hello hello hello hello,0
random words in a sentence format,0
"hi everyone, just checking in",0
info: database connection established info:,0
DEBUG: processing request with id 12345,0
good day to you all,0
generic developer chatter and comments generic,0
"hello world, this is a test message hello",0
thank you very much for your time thank,0
random words in a sentence format,0
WARNING: connection timeout occurred,0
update update update update,0
DEBUG: PROCESSING REQUEST WITH ID 12345,0
error: failed to load configuration file error:,0
TESTING ONE TWO THREE FOUR FIVE TESTING 339,0
caused by java io ioexception file not found,0
TRACE: entering function process_data,0
check check check check check 442,0
check check check check,0
at com example service process line 123 at,0
"HI EVERYONE, JUST CHECKING IN HI 460",0
magna aliqua ut enim ad minim veniam quis nostrud magna,0
ERROR: failed to load configuration file ERROR:,0
"hello hello, nice to meet you",0
the quick brown fox jumps over the lazy dog,0
"thanks for your help, really appreciate it thanks 400",0
magna aliqua ut enim ad minim veniam quis nostrud magna,0
ERROR: FAILED TO LOAD CONFIGURATION FILE,0
"thanks for your help, really appreciate it",0
"thanks for your help, really appreciate it thanks",0
DEBUG: PROCESSING REQUEST WITH ID 12345 DEBUG:,0
INFO: database connection established INFO:,0
TRACE: entering function process_data TRACE:,0
check check check check,0
random words in a sentence format random,0
update update update update update,0
"nice to meet you, have a wonderful day nice",0
"hi everyone, just checking in hi",0
error error error error,0
the quick brown fox jumps over the lazy dog,0
at com example service process line 123,0
caused by java io ioexception file not found caused,0
"hi everyone, just checking in 289",0
hello hello hello hello hello,0
commodo consequat duis aute irure dolor in reprehenderit commodo,0
another example of generic text content another,0
the quick brown fox jumps over the lazy dog,0
"hello hello, nice to meet you hello",0
"hello hello hello, testing testing",0
"hello hello hello, testing testing 374",0
"good morning, hope you have a great day",0
"hi everyone, just checking in",0
DEBUG: cache hit for key user_123,0
the quick brown fox jumps over the lazy dog,0
"hi there, how are you doing today hi",0
check check check check,0
another example of generic text content another,0
"good morning, hope you have a great day",0
magna aliqua ut enim ad minim veniam quis nostrud,0
testing one two three four five testing 337,0
"nice to meet you, have a wonderful day",0
update update update update,0
"hi there, how are you doing today hi",0
random words in a sentence format random,0
test test test test test,0
i am working on some code right now i,0
WARNING: connection timeout occurred,0
i am working on some code right now 681,0
DEBUG: cache hit for key user_123,0
generic developer chatter and comments,0
error occurred at function call with parameters error 431,0
fix fix fix fix fix,0
generic developer chatter and comments,0
this is just a random sentence here,0
magna aliqua ut enim ad minim veniam quis nostrud,0
the quick brown fox jumps over the lazy dog,0
DEBUG: cache hit for key user_123,0
TRACEBACK MOST RECENT CALL LAST FILE MAIN PY,0
exercitation ullamco laboris nisi ut aliquip ex ea,0
exception in thread main java lang nullpointerexception,0
update update update update update,0
"hi everyone, just checking in",0
error occurred at function call with parameters 256,0
good day to you all,0
ERROR: failed to load configuration file,0
DEBUG: cache hit for key user_123,0
ERROR: failed to load configuration file 883,0
random words in a sentence format,0
DEBUG: processing request with id 12345,0
placeholder text for testing scenarios placeholder,0
"hello world, this is a test message hello",0
this is just a random sentence here this,0
check check check check check,0
LOG: user login attempt from ip address 902,0
fix fix fix fix fix,0
fix fix fix fix fix,0
WARNING: connection timeout occurred,0
another example of generic text content 345,0
update update update update,0
DEBUG: cache hit for key user_123,0
CAUSED BY JAVA IO IOEXCEPTION FILE NOT FOUND CAUSED,0
"thanks for your help, really appreciate it thanks",0
hello hello hello hello,0
check check check check check 20,0
"thanks for your help, really appreciate it",0
AT COM EXAMPLE SERVICE PROCESS LINE 123 AT 254,0
"hello hello hello, testing testing hello",0
magna aliqua ut enim ad minim veniam quis nostrud,0
GOOD DAY TO YOU ALL 319,0
generic developer chatter and comments,0
i am working on some code right now i,0
"hi everyone, just checking in",0
good day to you all,0
caused by java io ioexception file not found,0
check check check check 984,0
magna aliqua ut enim ad minim veniam quis nostrud,0
at com example service process line 123 at,0
exercitation ullamco laboris nisi ut aliquip ex ea,0
test test test test test,0
sample text for demonstration purposes,0
HELLO HELLO HELLO HELLO HELLO,0
random words in a sentence format,0
ANOTHER EXAMPLE OF GENERIC TEXT CONTENT,0
check check check check,0
AT COM EXAMPLE SERVICE PROCESS LINE 123,0
update update update update,0
exercitation ullamco laboris nisi ut aliquip ex ea,0
ERROR: failed to load configuration file,0
random words in a sentence format random,0
warning: connection timeout occurred,0
another example of generic text content,0
placeholder text for testing scenarios,0
DEBUG DEBUG DEBUG DEBUG DEBUG 547,0
"thanks for your help, really appreciate it",0
commodo consequat duis aute irure dolor in reprehenderit commodo 292,0
sed do eiusmod tempor incididunt ut labore et dolore,0
exercitation ullamco laboris nisi ut aliquip ex ea exercitation 504,0
"thanks for your help, really appreciate it thanks",0
"hello world, this is a test message 783",0
INFO: database connection established,0
sed do eiusmod tempor incididunt ut labore et dolore,0
lorem ipsum dolor sit amet consectetur adipiscing elit,0
"hi everyone, just checking in",0
caused by java io ioexception file not found caused,0
the quick brown fox jumps over the lazy dog the,0
placeholder text for testing scenarios placeholder,0
magna aliqua ut enim ad minim veniam quis nostrud magna,0
EXCEPTION IN THREAD MAIN JAVA LANG NULLPOINTEREXCEPTION,0
testing one two three four five,0
"nice to meet you, have a wonderful day nice",0
TRACE: entering function process_data,0
generic developer chatter and comments,0
commodo consequat duis aute irure dolor in reprehenderit,0
test test test test test 235,0
TRACE: entering function process_data 784,0
another example of generic text content,0
sed do eiusmod tempor incididunt ut labore et dolore 600,0
commodo consequat duis aute irure dolor in reprehenderit,0
test test test test test,0
error occurred at function call with parameters,0
ERROR: failed to load configuration file ERROR: 259,0
update update update update,0
magna aliqua ut enim ad minim veniam quis nostrud 371,0
commodo consequat duis aute irure dolor in reprehenderit,0
ERROR: failed to load configuration file ERROR:,0
commodo consequat duis aute irure dolor in reprehenderit commodo,0
SAMPLE TEXT FOR DEMONSTRATION PURPOSES,0
testing one two three four five,0
good day to you all 956,0
INFO: application started successfully,0
exercitation ullamco laboris nisi ut aliquip ex ea exercitation,0
INFO: database connection established,0
another example of generic text content,0
INFO: application started successfully INFO: 744,0
LOG: user login attempt from ip address,0
sed do eiusmod tempor incididunt ut labore et dolore,0
WARNING: connection timeout occurred,0
error occurred at function call with parameters error,0
check check check check check,0
fix fix fix fix fix,0
"hello hello hello, testing testing 515",0
hello hello hello hello,0
DEBUG: processing request with id 12345 148,0
at com example service process line 123 801,0
HELLO HELLO HELLO HELLO,0
traceback most recent call last file main py,0
commodo consequat duis aute irure dolor in reprehenderit 71,0
traceback most recent call last file main py,0
lorem ipsum dolor sit amet consectetur adipiscing elit,0
"hi everyone, just checking in",0
"good morning, hope you have a great day 368",0
"hello hello hello, testing testing hello",0
today is a beautiful day outside today 892,0
TRACEBACK MOST RECENT CALL LAST FILE MAIN PY TRACEBACK,0
random words in a sentence format,0
MAGNA ALIQUA UT ENIM AD MINIM VENIAM QUIS NOSTRUD,0
error error error error,0
ERROR OCCURRED AT FUNCTION CALL WITH PARAMETERS ERROR,0
exercitation ullamco laboris nisi ut aliquip ex ea exercitation,0
placeholder text for testing scenarios,0
caused by java io ioexception file not found 886,0
"thanks for your help, really appreciate it",0
placeholder text for testing scenarios,0
testing one two three four five,0
caused by java io ioexception file not found 100,0
AT COM EXAMPLE SERVICE PROCESS LINE 123 AT,0
thank you very much for your time thank,0
today is a beautiful day outside today,0
debug debug debug debug,0
random words in a sentence format,0
placeholder text for testing scenarios,0
"hello hello hello, testing testing",0
traceback most recent call last file main py,0
debug debug debug debug debug,0
good day to you all,0
LOG: user login attempt from ip address,0
traceback most recent call last file main py traceback 906,0
test test test test test,0
error occurred at function call with parameters,0
generic developer chatter and comments 241,0
thank you very much for your time,0
error occurred at function call with parameters,0
"hello hello hello, testing testing",0
DEBUG: CACHE HIT FOR KEY USER_123,0
sed do eiusmod tempor incididunt ut labore et dolore,0
traceback most recent call last file main py,0
"thanks for your help, really appreciate it 126",0
magna aliqua ut enim ad minim veniam quis nostrud magna,0
"hi there, how are you doing today hi",0
TRACE: entering function process_data TRACE:,0
LOG: user login attempt from ip address LOG:,0
"hello hello hello, testing testing",0
"hello hello hello, testing testing",0
good day to you all 16,0
sample text for demonstration purposes 272,0
DEBUG: processing request with id 12345 DEBUG: 460,0
INFO: application started successfully,0
DEBUG: cache hit for key user_123 DEBUG:,0
debug: processing request with id 12345,0
update update update update 730,0
"NICE TO MEET YOU, HAVE A WONDERFUL DAY",0
DEBUG: cache hit for key user_123,0
INFO: database connection established,0
"hi everyone, just checking in 671",0
ERROR: failed to load configuration file,0
testing one two three four five,0
"hi everyone, just checking in",0
"HELLO HELLO HELLO, TESTING TESTING",0
lorem ipsum dolor sit amet consectetur adipiscing elit lorem,0
ERROR: failed to load configuration file ERROR:,0
caused by java io ioexception file not found caused,0
lorem ipsum dolor sit amet consectetur adipiscing elit,0
INFO: database connection established 520,0
caused by java io ioexception file not found,0
ERROR: failed to load configuration file,0
lorem ipsum dolor sit amet consectetur adipiscing elit,0
DEBUG: cache hit for key user_123,0
caused by java io ioexception file not found,0
GENERIC DEVELOPER CHATTER AND COMMENTS,0
caused by java io ioexception file not found 649,0
"hello world, this is a test message",0
hello hello hello hello hello,0
trace: entering function process_data,0
"thanks for your help, really appreciate it",0
commodo consequat duis aute irure dolor in reprehenderit,0
INFO: application started successfully INFO:,0
traceback most recent call last file main py,0
TESTING ONE TWO THREE FOUR FIVE,0
this is just a random sentence here,0
GOOD DAY TO YOU ALL GOOD,0
testing one two three four five,0
"nice to meet you, have a wonderful day",0
magna aliqua ut enim ad minim veniam quis nostrud,0
TRACE: entering function process_data,0
update update update update update,0
DEBUG: cache hit for key user_123,0
lorem ipsum dolor sit amet consectetur adipiscing elit,0
DEBUG: processing request with id 12345 DEBUG:,0
testing one two three four five 523,0
DEBUG: processing request with id 12345,0
AT COM EXAMPLE SERVICE PROCESS LINE 123,0
info: database connection established info:,0
exception in thread main java lang nullpointerexception,0
sed do eiusmod tempor incididunt ut labore et dolore,0
DEBUG: cache hit for key user_123,0
sed do eiusmod tempor incididunt ut labore et dolore sed,0
ANOTHER EXAMPLE OF GENERIC TEXT CONTENT,0
"good morning, hope you have a great day good",0
"hello world, this is a test message",0
error: failed to load configuration file,0
TRACE: entering function process_data,0
"hello hello hello, testing testing",0
HELLO HELLO HELLO HELLO 662,0
sed do eiusmod tempor incididunt ut labore et dolore,0
debug debug debug debug,0
hello hello hello hello 647,0
"nice to meet you, have a wonderful day",0
random words in a sentence format,0
"HELLO HELLO HELLO, TESTING TESTING",0
at com example service process line 123,0
"hello world, this is a test message",0
thank you very much for your time,0
traceback most recent call last file main py 687,0
debug debug debug debug debug,0
hello hello hello hello,0
thank you very much for your time thank,0
INFO: application started successfully,0
"good morning, hope you have a great day",0
INFO: database connection established 852,0
DEBUG: CACHE HIT FOR KEY USER_123 449,0
sample text for demonstration purposes,0
sed do eiusmod tempor incididunt ut labore et dolore sed,0
exercitation ullamco laboris nisi ut aliquip ex ea 695,0
sed do eiusmod tempor incididunt ut labore et dolore,0
DEBUG: processing request with id 12345 205,0
thank you very much for your time 493,0
ERROR: failed to load configuration file,0
good day to you all good,0
INFO: application started successfully INFO:,0
testing one two three four five,0
check check check check check,0
"hello world, this is a test message 954",0
hello hello hello hello 294,0
exercitation ullamco laboris nisi ut aliquip ex ea 723,0
DEBUG: cache hit for key user_123 DEBUG: 263,0
"hello hello hello, testing testing",0
GOOD DAY TO YOU ALL,0
exception in thread main java lang nullpointerexception,0
INFO: database connection established,0
"hello hello hello, testing testing hello 362",0
check check check check check,0
debug debug debug debug debug,0
INFO: application started successfully,0
exception in thread main java lang nullpointerexception,0
error error error error,0
exception in thread main java lang nullpointerexception exception,0
thank you very much for your time thank,0
today is a beautiful day outside,0
exercitation ullamco laboris nisi ut aliquip ex ea,0
magna aliqua ut enim ad minim veniam quis nostrud magna,0
"good morning, hope you have a great day",0
WARNING: CONNECTION TIMEOUT OCCURRED 663,0
"THANKS FOR YOUR HELP, REALLY APPRECIATE IT",0
update update update update,0
today is a beautiful day outside,0
debug: processing request with id 12345 debug: 435,0
today is a beautiful day outside,0
GENERIC DEVELOPER CHATTER AND COMMENTS,0
sed do eiusmod tempor incididunt ut labore et dolore sed,0
lorem ipsum dolor sit amet consectetur adipiscing elit lorem,0
"nice to meet you, have a wonderful day",0
traceback most recent call last file main py traceback 870,0
sed do eiusmod tempor incididunt ut labore et dolore sed 798,0
debug debug debug debug,0
traceback most recent call last file main py,0
"nice to meet you, have a wonderful day",0
AT COM EXAMPLE SERVICE PROCESS LINE 123 AT,0
DEBUG: processing request with id 12345,0
random words in a sentence format,0
error occurred at function call with parameters,0
sed do eiusmod tempor incididunt ut labore et dolore sed,0
traceback most recent call last file main py,0
"nice to meet you, have a wonderful day",0
the quick brown fox jumps over the lazy dog,0
debug debug debug debug 206,0
sample text for demonstration purposes 568,0
magna aliqua ut enim ad minim veniam quis nostrud,0
"hello world, this is a test message hello",0
exercitation ullamco laboris nisi ut aliquip ex ea,0
"NICE TO MEET YOU, HAVE A WONDERFUL DAY NICE",0
DEBUG: processing request with id 12345,0
exception in thread main java lang nullpointerexception,0
"thanks for your help, really appreciate it",0
the quick brown fox jumps over the lazy dog,0
DEBUG: processing request with id 12345,0
exception in thread main java lang nullpointerexception,0
debug: cache hit for key user_123,0
"hello hello hello, testing testing hello",0
hello hello hello hello,0
"hi there, how are you doing today hi",0
random words in a sentence format,0
exception in thread main java lang nullpointerexception exception,0
at com example service process line 123,0
traceback most recent call last file main py,0
the quick brown fox jumps over the lazy dog,0
INFO: database connection established INFO:,0
error error error error 380,0
"hi everyone, just checking in",0
sample text for demonstration purposes sample 969,0
DEBUG: cache hit for key user_123,0
TEST TEST TEST TEST TEST,0
INFO: application started successfully,0
"hello world, this is a test message",0
this is just a random sentence here 289,0
AT COM EXAMPLE SERVICE PROCESS LINE 123,0
thank you very much for your time,0
debug debug debug debug debug 576,0
"nice to meet you, have a wonderful day",0
DEBUG: CACHE HIT FOR KEY USER_123 999,0
hello hello hello hello,0
update update update update 141,0
exercitation ullamco laboris nisi ut aliquip ex ea 915,0
test test test test test,0
DEBUG: cache hit for key user_123,0
INFO: application started successfully,0
"hi there, how are you doing today",0
LOG: user login attempt from ip address,0
exception in thread main java lang nullpointerexception exception,0
LOG: user login attempt from ip address,0
the quick brown fox jumps over the lazy dog,0
fix fix fix fix fix fix,0
good day to you all good,0
check check check check,0
EXERCITATION ULLAMCO LABORIS NISI UT ALIQUIP EX EA,0
this is just a random sentence here,0
fix fix fix fix fix 935,0
WARNING: connection timeout occurred,0
at com example service process line 123,0
sample text for demonstration purposes sample,0
generic developer chatter and comments,0
commodo consequat duis aute irure dolor in reprehenderit,0
another example of generic text content another,0
update update update update,0
placeholder text for testing scenarios placeholder,0
at com example service process line 123 at,0
WARNING: connection timeout occurred WARNING:,0
"hi everyone, just checking in",0
caused by java io ioexception file not found,0
"hi everyone, just checking in",0
"hello hello, nice to meet you",0
exercitation ullamco laboris nisi ut aliquip ex ea 988,0
placeholder text for testing scenarios,0
warning: connection timeout occurred,0
check check check check 942,0
commodo consequat duis aute irure dolor in reprehenderit commodo,0
placeholder text for testing scenarios 582,0
hello hello hello hello hello,0
commodo consequat duis aute irure dolor in reprehenderit 517,0
i am working on some code right now,0
at com example service process line 123 at 755,0
placeholder text for testing scenarios,0
update update update update,0
today is a beautiful day outside,0
"hello hello, nice to meet you hello",0
hello hello hello hello,0
error occurred at function call with parameters error,0
the quick brown fox jumps over the lazy dog,0
generic developer chatter and comments,0
DEBUG DEBUG DEBUG DEBUG,0
INFO: database connection established,0
WARNING: connection timeout occurred,0
TRACEBACK MOST RECENT CALL LAST FILE MAIN PY,0
debug debug debug debug debug,0
info: application started successfully info:,0
sed do eiusmod tempor incididunt ut labore et dolore sed,0
"HELLO WORLD, THIS IS A TEST MESSAGE",0
check check check check 474,0
generic developer chatter and comments,0
this is just a random sentence here 353,0
warning: connection timeout occurred,0
"good morning, hope you have a great day good 139",0
at com example service process line 123,0
sed do eiusmod tempor incididunt ut labore et dolore,0
traceback most recent call last file main py,0
good day to you all good,0
testing one two three four five,0
magna aliqua ut enim ad minim veniam quis nostrud,0
testing one two three four five testing,0
good day to you all good,0
"hi there, how are you doing today hi 609",0
"thanks for your help, really appreciate it thanks 450",0
this is just a random sentence here,0
testing one two three four five,0
INFO: database connection established,0
"hello hello hello, testing testing",0
another example of generic text content another,0
today is a beautiful day outside,0
error error error error,0
test test test test test,0
today is a beautiful day outside,0
generic developer chatter and comments 475,0
ERROR: failed to load configuration file,0
fix fix fix fix fix fix,0
sed do eiusmod tempor incididunt ut labore et dolore 742,0
"thanks for your help, really appreciate it thanks",0
"nice to meet you, have a wonderful day nice",0
ERROR: failed to load configuration file ERROR:,0
generic developer chatter and comments 960,0
exercitation ullamco laboris nisi ut aliquip ex ea,0
update update update update,0
fix fix fix fix fix,0
debug debug debug debug,0
exercitation ullamco laboris nisi ut aliquip ex ea,0
test test test test test,0
"hello hello hello, testing testing hello",0
check check check check check 236,0
sample text for demonstration purposes,0
random words in a sentence format,0
commodo consequat duis aute irure dolor in reprehenderit,0
thank you very much for your time,0
WARNING: connection timeout occurred,0
"nice to meet you, have a wonderful day",0
CHECK CHECK CHECK CHECK CHECK,0
this is just a random sentence here,0
caused by java io ioexception file not found,0
"hi there, how are you doing today hi",0
another example of generic text content,0
error occurred at function call with parameters,0
"hi everyone, just checking in",0
DEBUG: cache hit for key user_123,0
update update update update update,0
sample text for demonstration purposes,0
"hello world, this is a test message",0
"hello world, this is a test message",0
exception in thread main java lang nullpointerexception exception 512,0
at com example service process line 123,0
"hi everyone, just checking in",0
ERROR OCCURRED AT FUNCTION CALL WITH PARAMETERS,0
another example of generic text content,0
test test test test test test,0
update update update update,0
TRACE: entering function process_data,0
hello hello hello hello,0
error occurred at function call with parameters,0
"thanks for your help, really appreciate it thanks",0
DEBUG: cache hit for key user_123,0
"hi there, how are you doing today",0
testing one two three four five,0
traceback most recent call last file main py,0
PLACEHOLDER TEXT FOR TESTING SCENARIOS,0
exception in thread main java lang nullpointerexception exception,0
"hello world, this is a test message hello",0
another example of generic text content another 442,0
ERROR: failed to load configuration file 92,0
"hello world, this is a test message",0
"hello hello, nice to meet you hello",0
SAMPLE TEXT FOR DEMONSTRATION PURPOSES 390,0
another example of generic text content 446,0
generic developer chatter and comments 258,0
exception in thread main java lang nullpointerexception,0
thank you very much for your time,0
DEBUG: cache hit for key user_123,0
lorem ipsum dolor sit amet consectetur adipiscing elit,0
thank you very much for your time,0
exercitation ullamco laboris nisi ut aliquip ex ea,0
placeholder text for testing scenarios,0
sample text for demonstration purposes,0
debug debug debug debug debug,0
warning: connection timeout occurred warning:,0
this is just a random sentence here,0
check check check check 311,0
caused by java io ioexception file not found caused,0
sed do eiusmod tempor incididunt ut labore et dolore,0
INFO: application started successfully,0
"good morning, hope you have a great day",0
WARNING: CONNECTION TIMEOUT OCCURRED,0
caused by java io ioexception file not found,0
traceback most recent call last file main py,0
lorem ipsum dolor sit amet consectetur adipiscing elit lorem 228,0
DEBUG: processing request with id 12345,0
debug debug debug debug,0
INFO: application started successfully INFO:,0
placeholder text for testing scenarios,0
"hello hello hello, testing testing",0
DEBUG: processing request with id 12345,0
error occurred at function call with parameters 46,0
good day to you all good,0
sample text for demonstration purposes,0
lorem ipsum dolor sit amet consectetur adipiscing elit,0
today is a beautiful day outside today,0
DEBUG: cache hit for key user_123,0
"hello hello, nice to meet you",0
"nice to meet you, have a wonderful day",0
debug debug debug debug,0
commodo consequat duis aute irure dolor in reprehenderit,0
DEBUG: cache hit for key user_123 361,0
DEBUG: cache hit for key user_123 DEBUG:,0
DEBUG: cache hit for key user_123,0
SAMPLE TEXT FOR DEMONSTRATION PURPOSES 711,0
info: database connection established info:,0
ERROR OCCURRED AT FUNCTION CALL WITH PARAMETERS,0
placeholder text for testing scenarios placeholder,0
"thanks for your help, really appreciate it",0
i am working on some code right now,0
commodo consequat duis aute irure dolor in reprehenderit,0
sed do eiusmod tempor incididunt ut labore et dolore 32,0
testing one two three four five testing,0
the quick brown fox jumps over the lazy dog,0
commodo consequat duis aute irure dolor in reprehenderit 117,0
WARNING: connection timeout occurred,0
"good morning, hope you have a great day",0
lorem ipsum dolor sit amet consectetur adipiscing elit lorem,0
generic developer chatter and comments 270,0
"hello world, this is a test message",0
sample text for demonstration purposes sample,0
DEBUG: cache hit for key user_123 143,0
this is just a random sentence here,0
INFO: database connection established,0
placeholder text for testing scenarios,0
traceback most recent call last file main py 769,0
"thanks for your help, really appreciate it",0
sample text for demonstration purposes sample,0
traceback most recent call last file main py 648,0
check check check check 814,0
"hello world, this is a test message",0
debug debug debug debug,0
"hello world, this is a test message",0
error error error error,0
lorem ipsum dolor sit amet consectetur adipiscing elit,0
placeholder text for testing scenarios,0
commodo consequat duis aute irure dolor in reprehenderit,0
"good morning, hope you have a great day good",0
good day to you all 468,0
i am working on some code right now,0
generic developer chatter and comments generic,0
at com example service process line 123 681,0
the quick brown fox jumps over the lazy dog the,0
TESTING ONE TWO THREE FOUR FIVE 98,0
thank you very much for your time,0
"hello hello, nice to meet you",0
lorem ipsum dolor sit amet consectetur adipiscing elit,0
"hello world, this is a test message 321",0
generic developer chatter and comments generic,0
thank you very much for your time,0
DEBUG: cache hit for key user_123,0
exception in thread main java lang nullpointerexception,0
SED DO EIUSMOD TEMPOR INCIDIDUNT UT LABORE ET DOLORE 103,0
fix fix fix fix fix,0
sample text for demonstration purposes sample 567,0
info: database connection established info:,0
GENERIC DEVELOPER CHATTER AND COMMENTS GENERIC,0
at com example service process line 123 at,0
commodo consequat duis aute irure dolor in reprehenderit,0
"nice to meet you, have a wonderful day",0
test test test test test test,0
debug debug debug debug 483,0
"nice to meet you, have a wonderful day nice 269",0
"thanks for your help, really appreciate it",0
INFO: application started successfully,0
exception in thread main java lang nullpointerexception,0
generic developer chatter and comments generic,0
"hello hello hello, testing testing",0
at com example service process line 123 716,0
sample text for demonstration purposes sample 445,0
"thanks for your help, really appreciate it",0
good day to you all good 12,0
DEBUG: processing request with id 12345,0
debug debug debug debug debug,0
good day to you all 827,0
DEBUG: processing request with id 12345 DEBUG:,0
"nice to meet you, have a wonderful day",0
the quick brown fox jumps over the lazy dog,0
good day to you all good,0
sample text for demonstration purposes sample,0
today is a beautiful day outside,0
at com example service process line 123,0
test test test test test test 382,0
"thanks for your help, really appreciate it thanks",0
update update update update update,0
GENERIC DEVELOPER CHATTER AND COMMENTS,0
TRACE: entering function process_data,0
debug debug debug debug,0
i am working on some code right now,0
"hello hello hello, testing testing hello",0
ERROR ERROR ERROR ERROR,0
caused by java io ioexception file not found,0
this is just a random sentence here,0
"thanks for your help, really appreciate it 287",0
DEBUG: processing request with id 12345,0
"hello world, this is a test message",0
update update update update update,0
thank you very much for your time thank,0
update update update update,0
another example of generic text content another,0
"hi everyone, just checking in hi 478",0
good day to you all,0
generic developer chatter and comments,0
generic developer chatter and comments,0
test test test test test test,0
update update update update,0
today is a beautiful day outside today,0
ERROR: failed to load configuration file ERROR:,0
thank you very much for your time thank 800,0
thank you very much for your time thank,0
at com example service process line 123 at,0
"nice to meet you, have a wonderful day nice 925",0
thank you very much for your time thank,0
good day to you all good,0
update update update update,0
error error error error error 287,0
"hello hello hello, testing testing hello",0
placeholder text for testing scenarios,0
"hello world, this is a test message hello 205",0
DEBUG: processing request with id 12345 DEBUG:,0
"hi there, how are you doing today",0
WARNING: connection timeout occurred,0
test test test test test 327,0
"hi there, how are you doing today",0
DEBUG: processing request with id 12345,0
the quick brown fox jumps over the lazy dog the,0
"thanks for your help, really appreciate it",0
fix fix fix fix fix,0
today is a beautiful day outside today,0
error error error error 718,0
trace: entering function process_data,0
COMMODO CONSEQUAT DUIS AUTE IRURE DOLOR IN REPREHENDERIT 39,0
testing one two three four five testing,0
debug: cache hit for key user_123 debug: 735,0
test test test test test test 722,0
good day to you all,0
debug debug debug debug,0
hello hello hello hello 162,0
lorem ipsum dolor sit amet consectetur adipiscing elit,0
today is a beautiful day outside,0
DEBUG: cache hit for key user_123,0
today is a beautiful day outside,0
today is a beautiful day outside,0
update update update update,0
today is a beautiful day outside,0
testing one two three four five 509,0
sample text for demonstration purposes,0
"hello world, this is a test message",0
hello hello hello hello,0
"nice to meet you, have a wonderful day",0
"thanks for your help, really appreciate it",0
check check check check,0
"hi everyone, just checking in",0
traceback most recent call last file main py traceback,0
"good morning, hope you have a great day good",0
"NICE TO MEET YOU, HAVE A WONDERFUL DAY",0
"hello world, this is a test message",0
"hi there, how are you doing today",0
lorem ipsum dolor sit amet consectetur adipiscing elit lorem 211,0
check check check check,0
RANDOM WORDS IN A SENTENCE FORMAT,0
ERROR: FAILED TO LOAD CONFIGURATION FILE 370,0
CAUSED BY JAVA IO IOEXCEPTION FILE NOT FOUND,0
exception in thread main java lang nullpointerexception exception 865,0
exercitation ullamco laboris nisi ut aliquip ex ea,0
TODAY IS A BEAUTIFUL DAY OUTSIDE,0
sed do eiusmod tempor incididunt ut labore et dolore,0
"thanks for your help, really appreciate it thanks",0
WARNING: connection timeout occurred,0
"thanks for your help, really appreciate it",0
WARNING: connection timeout occurred,0
sample text for demonstration purposes 925,0
"good morning, hope you have a great day",0
traceback most recent call last file main py 973,0
today is a beautiful day outside 217,0
thank you very much for your time thank 700,0
exception in thread main java lang nullpointerexception exception,0
"nice to meet you, have a wonderful day nice",0
another example of generic text content,0
LOG: user login attempt from ip address,0
"hello hello hello, testing testing",0
"HI EVERYONE, JUST CHECKING IN",0
WARNING: connection timeout occurred,0
AT COM EXAMPLE SERVICE PROCESS LINE 123,0
"hello hello hello, testing testing",0
update update update update,0
exercitation ullamco laboris nisi ut aliquip ex ea,0
generic developer chatter and comments,0
traceback most recent call last file main py traceback,0
sed do eiusmod tempor incididunt ut labore et dolore,0
INFO: database connection established 217,0
check check check check,0
"thanks for your help, really appreciate it 319",0
update update update update update,0
"hi there, how are you doing today hi",0
"thanks for your help, really appreciate it thanks",0
i am working on some code right now i,0
exception in thread main java lang nullpointerexception,0
commodo consequat duis aute irure dolor in reprehenderit 892,0
ERROR: failed to load configuration file 916,0
error occurred at function call with parameters error 51,0
this is just a random sentence here,0
another example of generic text content,0
traceback most recent call last file main py traceback,0
INFO: database connection established,0
generic developer chatter and comments,0
fix fix fix fix fix,0
generic developer chatter and comments,0
"hi everyone, just checking in hi",0
debug debug debug debug,0
traceback most recent call last file main py traceback 284,0
another example of generic text content another,0
generic developer chatter and comments generic,0
"thanks for your help, really appreciate it",0
caused by java io ioexception file not found 27,0
placeholder text for testing scenarios placeholder,0
"good morning, hope you have a great day",0
hello hello hello hello,0
exercitation ullamco laboris nisi ut aliquip ex ea,0
THE QUICK BROWN FOX JUMPS OVER THE LAZY DOG,0
thank you very much for your time,0
today is a beautiful day outside,0
testing one two three four five,0
hello hello hello hello,0
good day to you all,0
DEBUG: cache hit for key user_123 DEBUG:,0
traceback most recent call last file main py,0
thank you very much for your time,0
MAGNA ALIQUA UT ENIM AD MINIM VENIAM QUIS NOSTRUD MAGNA,0
HELLO HELLO HELLO HELLO 650,0
this is just a random sentence here 783,0
"hello world, this is a test message hello",0
LOREM IPSUM DOLOR SIT AMET CONSECTETUR ADIPISCING ELIT,0
debug debug debug debug,0
DEBUG: processing request with id 12345 DEBUG:,0
sample text for demonstration purposes sample,0
"hi everyone, just checking in",0
generic developer chatter and comments,0
DEBUG: processing request with id 12345,0
hello hello hello hello,0
the quick brown fox jumps over the lazy dog,0
testing one two three four five testing,0
"hi there, how are you doing today 376",0
"good morning, hope you have a great day",0
DEBUG: cache hit for key user_123 DEBUG:,0
at com example service process line 123 119,0
fix fix fix fix fix fix,0
this is just a random sentence here,0
caused by java io ioexception file not found caused,0
error occurred at function call with parameters error,0
good day to you all good,0
INFO: database connection established INFO:,0
i am working on some code right now,0
this is just a random sentence here,0
"hello hello, nice to meet you",0
caused by java io ioexception file not found,0
"nice to meet you, have a wonderful day 263",0
magna aliqua ut enim ad minim veniam quis nostrud,0
"hi everyone, just checking in",0
debug debug debug debug,0
"HI EVERYONE, JUST CHECKING IN",0
at com example service process line 123 at,0
DEBUG: cache hit for key user_123 DEBUG:,0
hello hello hello hello hello,0
another example of generic text content,0
check check check check,0
"thanks for your help, really appreciate it",0
EXERCITATION ULLAMCO LABORIS NISI UT ALIQUIP EX EA,0
error error error error,0
thank you very much for your time,0
sed do eiusmod tempor incididunt ut labore et dolore sed,0
traceback most recent call last file main py,0
testing one two three four five,0
DEBUG: processing request with id 12345,0
sample text for demonstration purposes,0
"hello hello hello, testing testing",0
"thanks for your help, really appreciate it thanks",0
EXERCITATION ULLAMCO LABORIS NISI UT ALIQUIP EX EA,0
sample text for demonstration purposes,0
ERROR: failed to load configuration file,0
MAGNA ALIQUA UT ENIM AD MINIM VENIAM QUIS NOSTRUD,0
test test test test test test,0
"HI EVERYONE, JUST CHECKING IN 563",0
INFO: database connection established,0
ERROR: failed to load configuration file ERROR:,0
debug debug debug debug,0
hello hello hello hello,0
caused by java io ioexception file not found,0
"hello hello, nice to meet you",0
placeholder text for testing scenarios,0
commodo consequat duis aute irure dolor in reprehenderit commodo,0
"hi everyone, just checking in hi 124",0
UPDATE UPDATE UPDATE UPDATE UPDATE,0
check check check check check,0
good day to you all,0
INFO: application started successfully INFO:,0
"thanks for your help, really appreciate it",0
INFO: application started successfully,0
today is a beautiful day outside 397,0
INFO: database connection established,0
INFO: database connection established,0
HELLO HELLO HELLO HELLO,0
error occurred at function call with parameters,0
ERROR: failed to load configuration file,0
exception in thread main java lang nullpointerexception exception,0
traceback most recent call last file main py,0
at com example service process line 123 556,0
test test test test test,0
LOG: user login attempt from ip address,0
WARNING: connection timeout occurred WARNING:,0
DEBUG: PROCESSING REQUEST WITH ID 12345 DEBUG:,0
another example of generic text content 294,0
"hello hello hello, testing testing",0
warning: connection timeout occurred warning:,0
ERROR: failed to load configuration file,0
sample text for demonstration purposes,0
error occurred at function call with parameters,0
TRACEBACK MOST RECENT CALL LAST FILE MAIN PY,0
DEBUG: cache hit for key user_123,0
testing one two three four five,0
LOG: user login attempt from ip address,0
i am working on some code right now i 700,0
INFO: application started successfully INFO: 286,0
THANK YOU VERY MUCH FOR YOUR TIME THANK,0
"hello hello hello, testing testing hello",0
exception in thread main java lang nullpointerexception,0
TRACE: entering function process_data 725,0
testing one two three four five,0
THE QUICK BROWN FOX JUMPS OVER THE LAZY DOG,0
this is just a random sentence here,0
DEBUG: cache hit for key user_123,0
at com example service process line 123 at,0
at com example service process line 123,0
traceback most recent call last file main py,0
good day to you all,0
DEBUG: processing request with id 12345,0
sed do eiusmod tempor incididunt ut labore et dolore,0
test test test test test,0
WARNING: connection timeout occurred,0
exception in thread main java lang nullpointerexception,0
"hi everyone, just checking in hi",0
lorem ipsum dolor sit amet consectetur adipiscing elit,0
"HELLO HELLO HELLO, TESTING TESTING HELLO",0
today is a beautiful day outside,0
testing one two three four five,0
UPDATE UPDATE UPDATE UPDATE 690,0
debug: cache hit for key user_123 debug:,0
error error error error 806,0
INFO: database connection established INFO:,0
update update update update 161,0
thank you very much for your time,0
placeholder text for testing scenarios 694,0
at com example service process line 123,0
ERROR: failed to load configuration file ERROR: 587,0
WARNING: connection timeout occurred 216,0
error error error error error,0
"hello hello hello, testing testing hello",0
i am working on some code right now i,0
"thanks for your help, really appreciate it",0
MAGNA ALIQUA UT ENIM AD MINIM VENIAM QUIS NOSTRUD 688,0
log: user login attempt from ip address,0
"hi everyone, just checking in hi 199",0
sed do eiusmod tempor incididunt ut labore et dolore,0
"hello hello hello, testing testing",0
lorem ipsum dolor sit amet consectetur adipiscing elit lorem,0
at com example service process line 123,0
exercitation ullamco laboris nisi ut aliquip ex ea,0
ERROR: FAILED TO LOAD CONFIGURATION FILE ERROR:,0
thank you very much for your time 752,0
"nice to meet you, have a wonderful day",0
exception in thread main java lang nullpointerexception exception,0
LOG: user login attempt from ip address LOG: 267,0
WARNING: connection timeout occurred,0
testing one two three four five,0
thank you very much for your time,0
INFO: application started successfully INFO:,0
DEBUG: CACHE HIT FOR KEY USER_123,0
TRACE: entering function process_data,0
exercitation ullamco laboris nisi ut aliquip ex ea 780,0
"nice to meet you, have a wonderful day nice",0
DEBUG: processing request with id 12345,0
magna aliqua ut enim ad minim veniam quis nostrud 665,0
DEBUG: processing request with id 12345,0
LOG: user login attempt from ip address 670,0
LOG: user login attempt from ip address,0
fix fix fix fix fix,0
error error error error,0
INFO: application started successfully,0
INFO: APPLICATION STARTED SUCCESSFULLY,0
good day to you all,0
good day to you all,0
the quick brown fox jumps over the lazy dog,0
thank you very much for your time 645,0
trace: entering function process_data trace: 945,0
INFO: database connection established,0
caused by java io ioexception file not found,0
info: database connection established,0
INFO: database connection established INFO:,0
DEBUG: cache hit for key user_123,0
HELLO HELLO HELLO HELLO,0
thank you very much for your time thank,0
INFO: application started successfully,0
today is a beautiful day outside,0
info: application started successfully 676,0
"hello hello, nice to meet you",0
DEBUG: processing request with id 12345,0
lorem ipsum dolor sit amet consectetur adipiscing elit lorem,0
fix fix fix fix fix,0
error occurred at function call with parameters,0
testing one two three four five 613,0
check check check check check 762,0
TRACE: entering function process_data,0
this is just a random sentence here,0
"hello hello hello, testing testing",0
WARNING: connection timeout occurred,0
traceback most recent call last file main py,0
ERROR: failed to load configuration file,0
random words in a sentence format,0
update update update update,0
TESTING ONE TWO THREE FOUR FIVE,0
update update update update,0
traceback most recent call last file main py 988,0
"hello world, this is a test message",0
"HELLO WORLD, THIS IS A TEST MESSAGE HELLO",0
fix fix fix fix fix,0
placeholder text for testing scenarios,0
today is a beautiful day outside,0
caused by java io ioexception file not found,0
INFO: APPLICATION STARTED SUCCESSFULLY,0
SAMPLE TEXT FOR DEMONSTRATION PURPOSES,0
update update update update,0
DEBUG: processing request with id 12345 DEBUG:,0
ERROR: failed to load configuration file ERROR:,0
error error error error,0
I AM WORKING ON SOME CODE RIGHT NOW,0
INFO: application started successfully INFO: 302,0
good day to you all,0
TRACE: entering function process_data TRACE:,0
exercitation ullamco laboris nisi ut aliquip ex ea,0
magna aliqua ut enim ad minim veniam quis nostrud,0
exercitation ullamco laboris nisi ut aliquip ex ea exercitation 649,0
testing one two three four five,0
error error error error 853,0
placeholder text for testing scenarios placeholder,0
"nice to meet you, have a wonderful day 322",0
TRACE: entering function process_data TRACE:,0
i am working on some code right now 754,0
random words in a sentence format random,0
DEBUG: CACHE HIT FOR KEY USER_123,0
caused by java io ioexception file not found 878,0
"good morning, hope you have a great day",0
TRACE: entering function process_data,0
INFO: application started successfully INFO:,0
"thanks for your help, really appreciate it",0
"good morning, hope you have a great day",0
today is a beautiful day outside 531,0
error occurred at function call with parameters error,0
"hi everyone, just checking in",0
ERROR: failed to load configuration file ERROR:,0
hello hello hello hello,0
error occurred at function call with parameters,0
sed do eiusmod tempor incididunt ut labore et dolore sed 590,0
"hi everyone, just checking in",0
fix fix fix fix fix fix,0
exercitation ullamco laboris nisi ut aliquip ex ea 512,0
exception in thread main java lang nullpointerexception,0
GENERIC DEVELOPER CHATTER AND COMMENTS GENERIC,0
the quick brown fox jumps over the lazy dog the,0
exception in thread main java lang nullpointerexception exception,0
debug debug debug debug,0
"hi there, how are you doing today",0
INFO: database connection established INFO:,0
today is a beautiful day outside,0
INFO: application started successfully,0
fix fix fix fix fix,0
the quick brown fox jumps over the lazy dog,0
DEBUG: CACHE HIT FOR KEY USER_123,0
testing one two three four five,0
INFO: database connection established,0
debug debug debug debug,0
the quick brown fox jumps over the lazy dog the 746,0
RANDOM WORDS IN A SENTENCE FORMAT,0
"hi everyone, just checking in hi",0
"thanks for your help, really appreciate it thanks",0
"hello world, this is a test message hello",0
fix fix fix fix fix,0
EXCEPTION IN THREAD MAIN JAVA LANG NULLPOINTEREXCEPTION EXCEPTION,0
error error error error,0
warning: connection timeout occurred,0
WARNING: connection timeout occurred WARNING:,0
exception in thread main java lang nullpointerexception,0
WARNING: connection timeout occurred,0
"hello world, this is a test message",0
generic developer chatter and comments generic,0
thank you very much for your time,0
exercitation ullamco laboris nisi ut aliquip ex ea exercitation,0
info: database connection established info: 383,0
lorem ipsum dolor sit amet consectetur adipiscing elit 755,0
fix fix fix fix fix fix 641,0
DEBUG: cache hit for key user_123,0
WARNING: connection timeout occurred,0
today is a beautiful day outside today 467,0
another example of generic text content,0
"HELLO HELLO HELLO, TESTING TESTING HELLO",0
ANOTHER EXAMPLE OF GENERIC TEXT CONTENT ANOTHER,0
"hello hello, nice to meet you",0
commodo consequat duis aute irure dolor in reprehenderit,0
HELLO HELLO HELLO HELLO HELLO,0
update update update update update,0
fix fix fix fix fix 787,0
fix fix fix fix fix,0
"good morning, hope you have a great day good",0
this is just a random sentence here,0
test test test test test test,0
ERROR: failed to load configuration file,0
i am working on some code right now 683,0
good day to you all good,0
LOG: USER LOGIN ATTEMPT FROM IP ADDRESS LOG:,0
error occurred at function call with parameters,0
"hello world, this is a test message hello",0
hello hello hello hello,0
"thanks for your help, really appreciate it 550",0
thank you very much for your time,0
at com example service process line 123,0
i am working on some code right now i,0
random words in a sentence format,0
placeholder text for testing scenarios,0
WARNING: connection timeout occurred,0
INFO: DATABASE CONNECTION ESTABLISHED,0
placeholder text for testing scenarios,0
exception in thread main java lang nullpointerexception,0
DEBUG: cache hit for key user_123,0
"nice to meet you, have a wonderful day",0
DEBUG: PROCESSING REQUEST WITH ID 12345,0
check check check check 536,0
"GOOD MORNING, HOPE YOU HAVE A GREAT DAY 895",0
i am working on some code right now i,0
caused by java io ioexception file not found,0
"thanks for your help, really appreciate it",0
this is just a random sentence here,0
magna aliqua ut enim ad minim veniam quis nostrud 572,0
check check check check,0
DEBUG: PROCESSING REQUEST WITH ID 12345 DEBUG: 312,0
DEBUG: processing request with id 12345 DEBUG:,0
i am working on some code right now i,0
today is a beautiful day outside,0
exception in thread main java lang nullpointerexception,0
lorem ipsum dolor sit amet consectetur adipiscing elit 185,0
INFO: application started successfully 615,0
error error error error,0
debug debug debug debug,0
test test test test test,0
ERROR: failed to load configuration file,0
sed do eiusmod tempor incididunt ut labore et dolore 36,0
INFO: database connection established INFO: 912,0
generic developer chatter and comments,0
error occurred at function call with parameters,0
TRACE: entering function process_data 39,0
"hello hello hello, testing testing hello",0
testing one two three four five testing,0
TRACE: entering function process_data,0
exercitation ullamco laboris nisi ut aliquip ex ea exercitation,0
TRACE: entering function process_data 658,0
TRACE: entering function process_data,0
hello hello hello hello,0
good day to you all,0
INFO: database connection established,0
"thanks for your help, really appreciate it 553",0
test test test test test,0
update update update update,0
"hello world, this is a test message hello",0
thank you very much for your time,0
ERROR: failed to load configuration file 514,0
ERROR OCCURRED AT FUNCTION CALL WITH PARAMETERS ERROR 573,0
TRACE: entering function process_data TRACE:,0
sample text for demonstration purposes sample,0
traceback most recent call last file main py 688,0
debug debug debug debug,0
"hi there, how are you doing today 359",0
sed do eiusmod tempor incididunt ut labore et dolore,0
testing one two three four five testing,0
"hello world, this is a test message hello 972",0
"hello hello hello, testing testing",0
good day to you all,0
WARNING: connection timeout occurred WARNING:,0
error: failed to load configuration file,0
"hi there, how are you doing today",0
random words in a sentence format random,0
DEBUG: cache hit for key user_123 DEBUG:,0
"nice to meet you, have a wonderful day",0
caused by java io ioexception file not found 300,0
at com example service process line 123,0
"hi everyone, just checking in",0
"hello world, this is a test message hello",0
"hi there, how are you doing today hi",0
commodo consequat duis aute irure dolor in reprehenderit 356,0
error error error error,0
INFO: application started successfully INFO: 264,0
